[
    {
        "model": "auth.group",
        "pk": 1,
        "fields": {
          "name": "Visitantes",
          "permissions": [
            28,
            73,
            74,
            75,
            76,
            40,
            36,
            52,
            32,
            44,
            48,
            60,
            72,
            65,
            66,
            67,
            68
          ]
        }
      },
      {
        "model": "auth.group",
        "pk": 2,
        "fields": {
          "name": "Responsables",
          "permissions": [
            25,
            26,
            27,
            28,
            37,
            38,
            39,
            40,
            33,
            34,
            35,
            36,
            49,
            50,
            51,
            52,
            29,
            30,
            31,
            32,
            41,
            42,
            43,
            44,
            45,
            46,
            47,
            48,
            57,
            58,
            59,
            60
          ]
        }
      },
      {
        "model": "auth.permission",
        "pk": 1,
        "fields": {
          "name": "Can add log entry",
          "content_type": 1,
          "codename": "add_logentry"
        }
      },
      {
        "model": "auth.permission",
        "pk": 2,
        "fields": {
          "name": "Can change log entry",
          "content_type": 1,
          "codename": "change_logentry"
        }
      },
      {
        "model": "auth.permission",
        "pk": 3,
        "fields": {
          "name": "Can delete log entry",
          "content_type": 1,
          "codename": "delete_logentry"
        }
      },
      {
        "model": "auth.permission",
        "pk": 4,
        "fields": {
          "name": "Can view log entry",
          "content_type": 1,
          "codename": "view_logentry"
        }
      },
      {
        "model": "auth.permission",
        "pk": 5,
        "fields": {
          "name": "Can add permission",
          "content_type": 2,
          "codename": "add_permission"
        }
      },
      {
        "model": "auth.permission",
        "pk": 6,
        "fields": {
          "name": "Can change permission",
          "content_type": 2,
          "codename": "change_permission"
        }
      },
      {
        "model": "auth.permission",
        "pk": 7,
        "fields": {
          "name": "Can delete permission",
          "content_type": 2,
          "codename": "delete_permission"
        }
      },
      {
        "model": "auth.permission",
        "pk": 8,
        "fields": {
          "name": "Can view permission",
          "content_type": 2,
          "codename": "view_permission"
        }
      },
      {
        "model": "auth.permission",
        "pk": 9,
        "fields": {
          "name": "Can add group",
          "content_type": 3,
          "codename": "add_group"
        }
      },
      {
        "model": "auth.permission",
        "pk": 10,
        "fields": {
          "name": "Can change group",
          "content_type": 3,
          "codename": "change_group"
        }
      },
      {
        "model": "auth.permission",
        "pk": 11,
        "fields": {
          "name": "Can delete group",
          "content_type": 3,
          "codename": "delete_group"
        }
      },
      {
        "model": "auth.permission",
        "pk": 12,
        "fields": {
          "name": "Can view group",
          "content_type": 3,
          "codename": "view_group"
        }
      },
      {
        "model": "auth.permission",
        "pk": 13,
        "fields": {
          "name": "Can add content type",
          "content_type": 4,
          "codename": "add_contenttype"
        }
      },
      {
        "model": "auth.permission",
        "pk": 14,
        "fields": {
          "name": "Can change content type",
          "content_type": 4,
          "codename": "change_contenttype"
        }
      },
      {
        "model": "auth.permission",
        "pk": 15,
        "fields": {
          "name": "Can delete content type",
          "content_type": 4,
          "codename": "delete_contenttype"
        }
      },
      {
        "model": "auth.permission",
        "pk": 16,
        "fields": {
          "name": "Can view content type",
          "content_type": 4,
          "codename": "view_contenttype"
        }
      },
      {
        "model": "auth.permission",
        "pk": 17,
        "fields": {
          "name": "Can add session",
          "content_type": 5,
          "codename": "add_session"
        }
      },
      {
        "model": "auth.permission",
        "pk": 18,
        "fields": {
          "name": "Can change session",
          "content_type": 5,
          "codename": "change_session"
        }
      },
      {
        "model": "auth.permission",
        "pk": 19,
        "fields": {
          "name": "Can delete session",
          "content_type": 5,
          "codename": "delete_session"
        }
      },
      {
        "model": "auth.permission",
        "pk": 20,
        "fields": {
          "name": "Can view session",
          "content_type": 5,
          "codename": "view_session"
        }
      },
      {
        "model": "auth.permission",
        "pk": 21,
        "fields": {
          "name": "Can add user",
          "content_type": 6,
          "codename": "add_usuario"
        }
      },
      {
        "model": "auth.permission",
        "pk": 22,
        "fields": {
          "name": "Can change user",
          "content_type": 6,
          "codename": "change_usuario"
        }
      },
      {
        "model": "auth.permission",
        "pk": 23,
        "fields": {
          "name": "Can delete user",
          "content_type": 6,
          "codename": "delete_usuario"
        }
      },
      {
        "model": "auth.permission",
        "pk": 24,
        "fields": {
          "name": "Can view user",
          "content_type": 6,
          "codename": "view_usuario"
        }
      },
      {
        "model": "auth.permission",
        "pk": 25,
        "fields": {
          "name": "Can add artista",
          "content_type": 7,
          "codename": "add_artista"
        }
      },
      {
        "model": "auth.permission",
        "pk": 26,
        "fields": {
          "name": "Can change artista",
          "content_type": 7,
          "codename": "change_artista"
        }
      },
      {
        "model": "auth.permission",
        "pk": 27,
        "fields": {
          "name": "Can delete artista",
          "content_type": 7,
          "codename": "delete_artista"
        }
      },
      {
        "model": "auth.permission",
        "pk": 28,
        "fields": {
          "name": "Can view artista",
          "content_type": 7,
          "codename": "view_artista"
        }
      },
      {
        "model": "auth.permission",
        "pk": 29,
        "fields": {
          "name": "Can add museo",
          "content_type": 8,
          "codename": "add_museo"
        }
      },
      {
        "model": "auth.permission",
        "pk": 30,
        "fields": {
          "name": "Can change museo",
          "content_type": 8,
          "codename": "change_museo"
        }
      },
      {
        "model": "auth.permission",
        "pk": 31,
        "fields": {
          "name": "Can delete museo",
          "content_type": 8,
          "codename": "delete_museo"
        }
      },
      {
        "model": "auth.permission",
        "pk": 32,
        "fields": {
          "name": "Can view museo",
          "content_type": 8,
          "codename": "view_museo"
        }
      },
      {
        "model": "auth.permission",
        "pk": 33,
        "fields": {
          "name": "Can add guia",
          "content_type": 9,
          "codename": "add_guia"
        }
      },
      {
        "model": "auth.permission",
        "pk": 34,
        "fields": {
          "name": "Can change guia",
          "content_type": 9,
          "codename": "change_guia"
        }
      },
      {
        "model": "auth.permission",
        "pk": 35,
        "fields": {
          "name": "Can delete guia",
          "content_type": 9,
          "codename": "delete_guia"
        }
      },
      {
        "model": "auth.permission",
        "pk": 36,
        "fields": {
          "name": "Can view guia",
          "content_type": 9,
          "codename": "view_guia"
        }
      },
      {
        "model": "auth.permission",
        "pk": 37,
        "fields": {
          "name": "Can add exposicion",
          "content_type": 10,
          "codename": "add_exposicion"
        }
      },
      {
        "model": "auth.permission",
        "pk": 38,
        "fields": {
          "name": "Can change exposicion",
          "content_type": 10,
          "codename": "change_exposicion"
        }
      },
      {
        "model": "auth.permission",
        "pk": 39,
        "fields": {
          "name": "Can delete exposicion",
          "content_type": 10,
          "codename": "delete_exposicion"
        }
      },
      {
        "model": "auth.permission",
        "pk": 40,
        "fields": {
          "name": "Can view exposicion",
          "content_type": 10,
          "codename": "view_exposicion"
        }
      },
      {
        "model": "auth.permission",
        "pk": 41,
        "fields": {
          "name": "Can add obra",
          "content_type": 11,
          "codename": "add_obra"
        }
      },
      {
        "model": "auth.permission",
        "pk": 42,
        "fields": {
          "name": "Can change obra",
          "content_type": 11,
          "codename": "change_obra"
        }
      },
      {
        "model": "auth.permission",
        "pk": 43,
        "fields": {
          "name": "Can delete obra",
          "content_type": 11,
          "codename": "delete_obra"
        }
      },
      {
        "model": "auth.permission",
        "pk": 44,
        "fields": {
          "name": "Can view obra",
          "content_type": 11,
          "codename": "view_obra"
        }
      },
      {
        "model": "auth.permission",
        "pk": 45,
        "fields": {
          "name": "Can add producto",
          "content_type": 12,
          "codename": "add_producto"
        }
      },
      {
        "model": "auth.permission",
        "pk": 46,
        "fields": {
          "name": "Can change producto",
          "content_type": 12,
          "codename": "change_producto"
        }
      },
      {
        "model": "auth.permission",
        "pk": 47,
        "fields": {
          "name": "Can delete producto",
          "content_type": 12,
          "codename": "delete_producto"
        }
      },
      {
        "model": "auth.permission",
        "pk": 48,
        "fields": {
          "name": "Can view producto",
          "content_type": 12,
          "codename": "view_producto"
        }
      },
      {
        "model": "auth.permission",
        "pk": 49,
        "fields": {
          "name": "Can add inventario",
          "content_type": 13,
          "codename": "add_inventario"
        }
      },
      {
        "model": "auth.permission",
        "pk": 50,
        "fields": {
          "name": "Can change inventario",
          "content_type": 13,
          "codename": "change_inventario"
        }
      },
      {
        "model": "auth.permission",
        "pk": 51,
        "fields": {
          "name": "Can delete inventario",
          "content_type": 13,
          "codename": "delete_inventario"
        }
      },
      {
        "model": "auth.permission",
        "pk": 52,
        "fields": {
          "name": "Can view inventario",
          "content_type": 13,
          "codename": "view_inventario"
        }
      },
      {
        "model": "auth.permission",
        "pk": 53,
        "fields": {
          "name": "Can add responsable",
          "content_type": 14,
          "codename": "add_responsable"
        }
      },
      {
        "model": "auth.permission",
        "pk": 54,
        "fields": {
          "name": "Can change responsable",
          "content_type": 14,
          "codename": "change_responsable"
        }
      },
      {
        "model": "auth.permission",
        "pk": 55,
        "fields": {
          "name": "Can delete responsable",
          "content_type": 14,
          "codename": "delete_responsable"
        }
      },
      {
        "model": "auth.permission",
        "pk": 56,
        "fields": {
          "name": "Can view responsable",
          "content_type": 14,
          "codename": "view_responsable"
        }
      },
      {
        "model": "auth.permission",
        "pk": 57,
        "fields": {
          "name": "Can add tienda",
          "content_type": 15,
          "codename": "add_tienda"
        }
      },
      {
        "model": "auth.permission",
        "pk": 58,
        "fields": {
          "name": "Can change tienda",
          "content_type": 15,
          "codename": "change_tienda"
        }
      },
      {
        "model": "auth.permission",
        "pk": 59,
        "fields": {
          "name": "Can delete tienda",
          "content_type": 15,
          "codename": "delete_tienda"
        }
      },
      {
        "model": "auth.permission",
        "pk": 60,
        "fields": {
          "name": "Can view tienda",
          "content_type": 15,
          "codename": "view_tienda"
        }
      },
      {
        "model": "auth.permission",
        "pk": 61,
        "fields": {
          "name": "Can add visitante",
          "content_type": 16,
          "codename": "add_visitante"
        }
      },
      {
        "model": "auth.permission",
        "pk": 62,
        "fields": {
          "name": "Can change visitante",
          "content_type": 16,
          "codename": "change_visitante"
        }
      },
      {
        "model": "auth.permission",
        "pk": 63,
        "fields": {
          "name": "Can delete visitante",
          "content_type": 16,
          "codename": "delete_visitante"
        }
      },
      {
        "model": "auth.permission",
        "pk": 64,
        "fields": {
          "name": "Can view visitante",
          "content_type": 16,
          "codename": "view_visitante"
        }
      },
      {
        "model": "auth.permission",
        "pk": 65,
        "fields": {
          "name": "Can add visita guiada",
          "content_type": 17,
          "codename": "add_visitaguiada"
        }
      },
      {
        "model": "auth.permission",
        "pk": 66,
        "fields": {
          "name": "Can change visita guiada",
          "content_type": 17,
          "codename": "change_visitaguiada"
        }
      },
      {
        "model": "auth.permission",
        "pk": 67,
        "fields": {
          "name": "Can delete visita guiada",
          "content_type": 17,
          "codename": "delete_visitaguiada"
        }
      },
      {
        "model": "auth.permission",
        "pk": 68,
        "fields": {
          "name": "Can view visita guiada",
          "content_type": 17,
          "codename": "view_visitaguiada"
        }
      },
      {
        "model": "auth.permission",
        "pk": 69,
        "fields": {
          "name": "Can add visita",
          "content_type": 18,
          "codename": "add_visita"
        }
      },
      {
        "model": "auth.permission",
        "pk": 70,
        "fields": {
          "name": "Can change visita",
          "content_type": 18,
          "codename": "change_visita"
        }
      },
      {
        "model": "auth.permission",
        "pk": 71,
        "fields": {
          "name": "Can delete visita",
          "content_type": 18,
          "codename": "delete_visita"
        }
      },
      {
        "model": "auth.permission",
        "pk": 72,
        "fields": {
          "name": "Can view visita",
          "content_type": 18,
          "codename": "view_visita"
        }
      },
      {
        "model": "auth.permission",
        "pk": 73,
        "fields": {
          "name": "Can add entrada",
          "content_type": 19,
          "codename": "add_entrada"
        }
      },
      {
        "model": "auth.permission",
        "pk": 74,
        "fields": {
          "name": "Can change entrada",
          "content_type": 19,
          "codename": "change_entrada"
        }
      },
      {
        "model": "auth.permission",
        "pk": 75,
        "fields": {
          "name": "Can delete entrada",
          "content_type": 19,
          "codename": "delete_entrada"
        }
      },
      {
        "model": "auth.permission",
        "pk": 76,
        "fields": {
          "name": "Can view entrada",
          "content_type": 19,
          "codename": "view_entrada"
        }
      },
      {
        "model": "auth.permission",
        "pk": 77,
        "fields": {
          "name": "Can add Token",
          "content_type": 20,
          "codename": "add_token"
        }
      },
      {
        "model": "auth.permission",
        "pk": 78,
        "fields": {
          "name": "Can change Token",
          "content_type": 20,
          "codename": "change_token"
        }
      },
      {
        "model": "auth.permission",
        "pk": 79,
        "fields": {
          "name": "Can delete Token",
          "content_type": 20,
          "codename": "delete_token"
        }
      },
      {
        "model": "auth.permission",
        "pk": 80,
        "fields": {
          "name": "Can view Token",
          "content_type": 20,
          "codename": "view_token"
        }
      },
      {
        "model": "auth.permission",
        "pk": 81,
        "fields": {
          "name": "Can add token",
          "content_type": 21,
          "codename": "add_tokenproxy"
        }
      },
      {
        "model": "auth.permission",
        "pk": 82,
        "fields": {
          "name": "Can change token",
          "content_type": 21,
          "codename": "change_tokenproxy"
        }
      },
      {
        "model": "auth.permission",
        "pk": 83,
        "fields": {
          "name": "Can delete token",
          "content_type": 21,
          "codename": "delete_tokenproxy"
        }
      },
      {
        "model": "auth.permission",
        "pk": 84,
        "fields": {
          "name": "Can view token",
          "content_type": 21,
          "codename": "view_tokenproxy"
        }
      },
      {
        "model": "auth.permission",
        "pk": 85,
        "fields": {
          "name": "Can add application",
          "content_type": 22,
          "codename": "add_application"
        }
      },
      {
        "model": "auth.permission",
        "pk": 86,
        "fields": {
          "name": "Can change application",
          "content_type": 22,
          "codename": "change_application"
        }
      },
      {
        "model": "auth.permission",
        "pk": 87,
        "fields": {
          "name": "Can delete application",
          "content_type": 22,
          "codename": "delete_application"
        }
      },
      {
        "model": "auth.permission",
        "pk": 88,
        "fields": {
          "name": "Can view application",
          "content_type": 22,
          "codename": "view_application"
        }
      },
      {
        "model": "auth.permission",
        "pk": 89,
        "fields": {
          "name": "Can add access token",
          "content_type": 23,
          "codename": "add_accesstoken"
        }
      },
      {
        "model": "auth.permission",
        "pk": 90,
        "fields": {
          "name": "Can change access token",
          "content_type": 23,
          "codename": "change_accesstoken"
        }
      },
      {
        "model": "auth.permission",
        "pk": 91,
        "fields": {
          "name": "Can delete access token",
          "content_type": 23,
          "codename": "delete_accesstoken"
        }
      },
      {
        "model": "auth.permission",
        "pk": 92,
        "fields": {
          "name": "Can view access token",
          "content_type": 23,
          "codename": "view_accesstoken"
        }
      },
      {
        "model": "auth.permission",
        "pk": 93,
        "fields": {
          "name": "Can add grant",
          "content_type": 24,
          "codename": "add_grant"
        }
      },
      {
        "model": "auth.permission",
        "pk": 94,
        "fields": {
          "name": "Can change grant",
          "content_type": 24,
          "codename": "change_grant"
        }
      },
      {
        "model": "auth.permission",
        "pk": 95,
        "fields": {
          "name": "Can delete grant",
          "content_type": 24,
          "codename": "delete_grant"
        }
      },
      {
        "model": "auth.permission",
        "pk": 96,
        "fields": {
          "name": "Can view grant",
          "content_type": 24,
          "codename": "view_grant"
        }
      },
      {
        "model": "auth.permission",
        "pk": 97,
        "fields": {
          "name": "Can add refresh token",
          "content_type": 25,
          "codename": "add_refreshtoken"
        }
      },
      {
        "model": "auth.permission",
        "pk": 98,
        "fields": {
          "name": "Can change refresh token",
          "content_type": 25,
          "codename": "change_refreshtoken"
        }
      },
      {
        "model": "auth.permission",
        "pk": 99,
        "fields": {
          "name": "Can delete refresh token",
          "content_type": 25,
          "codename": "delete_refreshtoken"
        }
      },
      {
        "model": "auth.permission",
        "pk": 100,
        "fields": {
          "name": "Can view refresh token",
          "content_type": 25,
          "codename": "view_refreshtoken"
        }
      },
      {
        "model": "auth.permission",
        "pk": 101,
        "fields": {
          "name": "Can add id token",
          "content_type": 26,
          "codename": "add_idtoken"
        }
      },
      {
        "model": "auth.permission",
        "pk": 102,
        "fields": {
          "name": "Can change id token",
          "content_type": 26,
          "codename": "change_idtoken"
        }
      },
      {
        "model": "auth.permission",
        "pk": 103,
        "fields": {
          "name": "Can delete id token",
          "content_type": 26,
          "codename": "delete_idtoken"
        }
      },
      {
        "model": "auth.permission",
        "pk": 104,
        "fields": {
          "name": "Can view id token",
          "content_type": 26,
          "codename": "view_idtoken"
        }
      },
        {
        "model": "appmuseo.usuario",
        "pk": 1,
        "fields": {
            "password": "pbkdf2_sha256$870000$UjmrYLX9GWYBp4qwOVlwyh$nT6WIFRc4BZrVG54ZQw5vk2I6EoGW2xrHDk9cQtGnyE=",
            "last_login": "2025-02-02T19:28:13.500",
            "is_superuser": true,
            "username": "admin",
            "first_name": "",
            "last_name": "",
            "email": "joaquin.cabezas.berjillos.al@iespoligonosur.org",
            "is_staff": true,
            "is_active": true,
            "date_joined": "2025-02-02T19:24:26.577",
            "rol": 1,
            "groups": [],
            "user_permissions": []
        }
    },
    {
        "model": "appmuseo.usuario",
        "pk": 2,
        "fields": {
            "password": "Password123",
            "last_login": "2025-02-02T19:28:37",
            "is_superuser": false,
            "username": "Responsable1",
            "first_name": "",
            "last_name": "",
            "email": "joaquin.cabezas.berjillos.al@iespoligonosur.org",
            "is_staff": false,
            "is_active": true,
            "date_joined": "2025-02-02T19:28:22",
            "rol": 3,
            "groups": [],
            "user_permissions": []
        }
    },
    {
        "model": "appmuseo.usuario",
        "pk": 3,
        "fields": {
            "password": "Password123",
            "last_login": "2025-02-02T19:29:56",
            "is_superuser": false,
            "username": "Responsable2",
            "first_name": "",
            "last_name": "",
            "email": "joaquin.cabezas.berjillos.al@iespoligonosur.org",
            "is_staff": false,
            "is_active": true,
            "date_joined": "2025-02-02T19:29:46",
            "rol": 3,
            "groups": [],
            "user_permissions": []
        }
    },
    {
        "model": "appmuseo.usuario",
        "pk": 4,
        "fields": {
            "password": "Password123",
            "last_login": "2025-02-02T19:30:46",
            "is_superuser": false,
            "username": "Visitante1",
            "first_name": "",
            "last_name": "",
            "email": "joaquin.cabezas.berjillos.al@iespoligonosur.org",
            "is_staff": false,
            "is_active": true,
            "date_joined": "2025-02-02T19:30:24",
            "rol": 2,
            "groups": [],
            "user_permissions": []
        }
    },
    {
        "model": "appmuseo.usuario",
        "pk": 5,
        "fields": {
            "password": "Password123",
            "last_login": null,
            "is_superuser": false,
            "username": "Visitante2",
            "first_name": "",
            "last_name": "",
            "email": "joaquin.cabezas.berjillos.al@iespoligonosur.org",
            "is_staff": false,
            "is_active": true,
            "date_joined": "2025-02-02T19:30:52",
            "rol": 2,
            "groups": [],
            "user_permissions": []
        }
    },
    {
        "model": "appmuseo.museo",
        "pk": 1,
        "fields": {
            "nombre": "Museo de Arte Moderno",
            "ubicacion": "Calle del Arte 45, Madrid, España",
            "fecha_fundacion": "1973-06-05",
            "descripcion": "Este museo alberga una amplia colección de obras modernas, desde esculturas abstractas hasta pinturas contemporáneas de artistas reconocidos y emergentes.",
            "creado_por": 2
        }
    },
    {
        "model": "appmuseo.exposicion",
        "pk": 1,
        "fields": {
            "titulo": "Surrealismo en el Siglo XX",
            "fecha_inicio": "2023-09-01",
            "fecha_fin": "2024-01-15",
            "descripcion": "Exposición dedicada al surrealismo con obras de artistas como Salvador Dalí y René Magritte. Incluye pinturas y esculturas representativas del movimiento.",
            "capacidad": 80,
            "museo": 1,
            "creado_por": 3
        }
    },
    {
        "model": "appmuseo.exposicion",
        "pk": 2,
        "fields": {
            "titulo": "Renacimiento Italiano",
            "fecha_inicio": "2023-07-01",
            "fecha_fin": "2023-12-30",
            "descripcion": "Una muestra de las obras más representativas del Renacimiento, con autores como Leonardo da Vinci, Miguel Ángel y Rafael.",
            "capacidad": 100,
            "museo": 1,
            "creado_por": 3
        }
    },
    {
        "model": "appmuseo.exposicion",
        "pk": 3,
        "fields": {
            "titulo": "Expresionismo Abstracto",
            "fecha_inicio": "2024-02-01",
            "fecha_fin": "2024-06-15",
            "descripcion": "Obras representativas del expresionismo abstracto, con artistas como Jackson Pollock y Mark Rothko.",
            "capacidad": 70,
            "museo": 1,
            "creado_por": 2
        }
    },
    {
        "model": "appmuseo.obra",
        "pk": 1,
        "fields": {
            "titulo": "La persistencia de la memoria",
            "fecha_creacion": "1931-04-01",
            "tipo": "pintura",
            "imagen": "obras/persistencia_memoria.jpg",
            "exposicion": 1,
            "artista": 1,
            "creado_por": 3
        }
    },
    {
        "model": "appmuseo.obra",
        "pk": 2,
        "fields": {
            "titulo": "El rostro de la guerra",
            "fecha_creacion": "1940-01-01",
            "tipo": "pintura",
            "imagen": "obras/rostro_guerra.jpg",
            "exposicion": 1,
            "artista": 1,
            "creado_por": 3
        }
    },
    {
        "model": "appmuseo.obra",
        "pk": 3,
        "fields": {
            "titulo": "La última cena",
            "fecha_creacion": "1498-06-01",
            "tipo": "pintura",
            "imagen": "obras/ultima_cena.jpg",
            "exposicion": 2,
            "artista": 2,
            "creado_por": 2
        }
    },
    {
        "model": "appmuseo.obra",
        "pk": 4,
        "fields": {
            "titulo": "Mona Lisa",
            "fecha_creacion": "1503-10-01",
            "tipo": "pintura",
            "imagen": "obras/mona_lisa.jpg",
            "exposicion": 2,
            "artista": 2,
            "creado_por": 3
        }
    },
    {
        "model": "appmuseo.obra",
        "pk": 5,
        "fields": {
            "titulo": "David",
            "fecha_creacion": "1504-01-01",
            "tipo": "escultura",
            "imagen": "obras/david.jpg",
            "exposicion": 2,
            "artista": 3,
            "creado_por": 2
        }
    },
    {
        "model": "appmuseo.obra",
        "pk": 6,
        "fields": {
            "titulo": "La creación de Adán",
            "fecha_creacion": "1512-01-01",
            "tipo": "pintura",
            "imagen": "obras/creacion_adan.jpg",
            "exposicion": 2,
            "artista": 3,
            "creado_por": 3
        }
    },
    {
        "model": "appmuseo.obra",
        "pk": 7,
        "fields": {
            "titulo": "Guernica",
            "fecha_creacion": "1937-05-01",
            "tipo": "pintura",
            "imagen": "obras/guernica.jpg",
            "exposicion": 1,
            "artista": 4,
            "creado_por": 2
        }
    },
    {
        "model": "appmuseo.obra",
        "pk": 8,
        "fields": {
            "titulo": "Les Demoiselles d'Avignon",
            "fecha_creacion": "1907-01-01",
            "tipo": "pintura",
            "imagen": "obras/demoiselles_avignon.jpg",
            "exposicion": 1,
            "artista": 4,
            "creado_por": 3
        }
    },
    {
        "model": "appmuseo.obra",
        "pk": 9,
        "fields": {
            "titulo": "La noche estrellada",
            "fecha_creacion": "1889-06-01",
            "tipo": "pintura",
            "imagen": "obras/noche_estrellada.jpg",
            "exposicion": 3,
            "artista": 5,
            "creado_por": 2
        }
    },
    {
        "model": "appmuseo.obra",
        "pk": 10,
        "fields": {
            "titulo": "Los girasoles",
            "fecha_creacion": "1888-01-01",
            "tipo": "pintura",
            "imagen": "obras/girasoles.jpg",
            "exposicion": 3,
            "artista": 5,
            "creado_por": 2
        }
    },
    {
        "model": "appmuseo.obra",
        "pk": 11,
        "fields": {
            "titulo": "Número 31",
            "fecha_creacion": "1950-01-01",
            "tipo": "pintura",
            "imagen": "obras/numero_31.jpg",
            "exposicion": 3,
            "artista": 6,
            "creado_por": 2
        }
    },
    {
        "model": "appmuseo.obra",
        "pk": 12,
        "fields": {
            "titulo": "Convergencia",
            "fecha_creacion": "1952-01-01",
            "tipo": "pintura",
            "imagen": "obras/convergencia.jpg",
            "exposicion": 3,
            "artista": 6,
            "creado_por": 2
        }
    },
    {
        "model": "appmuseo.artista",
        "pk": 1,
        "fields": {
            "nombre_completo": "Salvador Dalí",
            "fecha_nacimiento": "1904-05-11",
            "biografia": "Salvador Dalí fue un pintor español, conocido por sus impactantes y oníricas obras surrealistas.",
            "nacionalidad": "espanola",
            "creado_por": 2
        }
    },
    {
        "model": "appmuseo.artista",
        "pk": 2,
        "fields": {
            "nombre_completo": "Leonardo da Vinci",
            "fecha_nacimiento": "1452-04-15",
            "biografia": "Leonardo fue un pintor, escultor, inventor y científico italiano, una de las figuras más importantes del Renacimiento.",
            "nacionalidad": "italiana",
            "creado_por": 3
        }
    },
    {
        "model": "appmuseo.artista",
        "pk": 3,
        "fields": {
            "nombre_completo": "Miguel Ángel",
            "fecha_nacimiento": "1475-03-06",
            "biografia": "Miguel Ángel fue un escultor, pintor y arquitecto italiano, conocido por sus monumentales esculturas y frescos.",
            "nacionalidad": "italiana",
            "creado_por": 2
        }
    },
    {
        "model": "appmuseo.artista",
        "pk": 4,
        "fields": {
            "nombre_completo": "Pablo Picasso",
            "fecha_nacimiento": "1881-10-25",
            "biografia": "Pablo Picasso fue un pintor y escultor español, conocido por cofundar el cubismo.",
            "nacionalidad": "espanola",
            "creado_por": 3
        }
    },
    {
        "model": "appmuseo.artista",
        "pk": 5,
        "fields": {
            "nombre_completo": "Vincent van Gogh",
            "fecha_nacimiento": "1853-03-30",
            "biografia": "Vincent van Gogh fue un pintor neerlandés, conocido por sus emotivas y vibrantes obras de postimpresionismo.",
            "nacionalidad": "neerlandesa",
            "creado_por": 2
        }
    },
    {
        "model": "appmuseo.artista",
        "pk": 6,
        "fields": {
            "nombre_completo": "Jackson Pollock",
            "fecha_nacimiento": "1912-01-28",
            "biografia": "Jackson Pollock fue un pintor estadounidense, pionero del expresionismo abstracto y conocido por su técnica de pintura por goteo.",
            "nacionalidad": "estadounidense",
            "creado_por": 3
        }
    },
    {
        "model": "appmuseo.visitante",
        "pk": 1,
        "fields": {
            "usuario": 2,
            "edad": 28,
            "fecha_visita": "2023-10-21",
            "museo": 1
        }
    },
    {
        "model": "appmuseo.visitante",
        "pk": 2,
        "fields": {
            "usuario": 3,
            "edad": 34,
            "fecha_visita": "2023-11-02",
            "museo": 1
        }
    },
    {
        "model": "appmuseo.visitante",
        "pk": 3,
        "fields": {
            "usuario": 4,
            "edad": 42,
            "fecha_visita": "2023-10-18",
            "museo": 1
        }
    },
    {
        "model": "appmuseo.visitante",
        "pk": 4,
        "fields": {
            "usuario": 5,
            "edad": 34,
            "fecha_visita": "2023-11-02",
            "museo": 1
        }
    },
    {
        "model": "appmuseo.visitante",
        "pk": 5,
        "fields": {
            "usuario": 1,
            "edad": 22,
            "fecha_visita": "2023-11-05",
            "museo": 1
        }
    },
    {
        "model": "appmuseo.entrada",
        "pk": 1,
        "fields": {
            "codigo": "ENTR123456",
            "precio": "12.50",
            "tipo": "adulto",
            "fecha_compra": "2023-10-20",
            "visitante": 1,
            "creado_por": 4
        }
    },
    {
        "model": "appmuseo.entrada",
        "pk": 2,
        "fields": {
            "codigo": "ENTR654321",
            "precio": "12.50",
            "tipo": "adulto",
            "fecha_compra": "2023-10-30",
            "visitante": 2,
            "creado_por": 5
        }
    },
    {
        "model": "appmuseo.entrada",
        "pk": 3,
        "fields": {
            "codigo": "ENTR789012",
            "precio": "7.50",
            "tipo": "nino",
            "fecha_compra": "2023-11-01",
            "visitante": 3,
            "creado_por": 4
        }
    },
    {
        "model": "appmuseo.tienda",
        "pk": 1,
        "fields": {
            "nombre": "Tienda de Arte",
            "ubicacion": "Planta baja, junto a la entrada",
            "horario_apertura": "10:00:00",
            "horario_cierre": "20:00:00",
            "museo": 1,
            "creado_por": 3
        }
    },
    {
        "model": "appmuseo.producto",
        "pk": 1,
        "fields": {
            "nombre": "Postales de Obras Famosas",
            "descripcion": "Set de postales con reproducciones de las obras más icónicas del museo.",
            "precio": "5.00",
            "stock": 100,
            "creado_por": 2
        }
    },
    {
        "model": "appmuseo.producto",
        "pk": 2,
        "fields": {
            "nombre": "Imán del Museo",
            "descripcion": "Imán decorativo con el logotipo del museo.",
            "precio": "3.00",
            "stock": 200,
            "creado_por": 3
        }
    },
    {
        "model": "appmuseo.inventario",
        "pk": 1,
        "fields": {
            "producto": 1,
            "tienda": 1,
            "cantidad_vendida": 20,
            "fecha_ultima_venta": "2023-10-25",
            "stock_inicial": 120,
            "ubicacion_almacen": "Estantería A, Sección 3",
            "creado_por": 2
        }
    },
    {
        "model": "appmuseo.inventario",
        "pk": 2,
        "fields": {
            "producto": 2,
            "tienda": 1,
            "cantidad_vendida": 50,
            "fecha_ultima_venta": "2023-10-28",
            "stock_inicial": 250,
            "ubicacion_almacen": "Estantería B, Sección 2",
            "creado_por": 3
        }
    },
    {
        "model": "appmuseo.guia",
        "pk": 1,
        "fields": {
            "nombre": "Laura Martínez",
            "idiomas": "español, inglés",
            "especialidad": "Arte moderno y surrealismo",
            "disponibilidad": true,
            "museo": 1,
            "creado_por": 3
        }
    },
    {
        "model": "appmuseo.visitaguiada",
        "pk": 1,
        "fields": {
            "duracion": "01:30:00",
            "nombre_visita_guia": "Tour Surrealismo",
            "capacidad_maxima": 20,
            "idioma": "espanol",
            "creado_por": 2,
            "guias": [1],
            "visitantes": [1, 2, 4]
        }
    }
]